{"cameraMode":{"drawMode":0,"name":"Shaded","section":"Shading Mode"},"sceneLighting":false,"audioPlay":false,"sceneViewState":{"m_AlwaysRefresh":false,"showFog":true,"showSkybox":false,"showFlares":true,"showImageEffects":true,"showParticleSystems":true,"showVisualEffectGraphs":true,"m_FxEnabled":true},"in2DMode":false,"pivot":{"x":16.308679580688478,"y":3.554332733154297,"z":0.05871375650167465},"rotation":{"x":0.0591488778591156,"y":0.706724226474762,"z":-0.059504855424165729,"w":0.7024966478347778},"size":18.608152389526368,"orthographic":false}