{"cameraMode":{"drawMode":0,"name":"Shaded","section":"Shading Mode"},"sceneLighting":false,"audioPlay":false,"sceneViewState":{"m_AlwaysRefresh":false,"showFog":true,"showSkybox":false,"showFlares":true,"showImageEffects":true,"showParticleSystems":true,"showVisualEffectGraphs":true,"m_FxEnabled":true},"in2DMode":false,"pivot":{"x":13.630037307739258,"y":-3.4163520336151125,"z":-3.2041473388671877},"rotation":{"x":0.7113161683082581,"y":-0.005271319765597582,"z":0.005334989633411169,"w":0.7028313875198364},"size":17.80684471130371,"orthographic":false}