{"cameraMode":{"drawMode":0,"name":"Shaded","section":"Shading Mode"},"sceneLighting":true,"audioPlay":false,"sceneViewState":{"m_AlwaysRefresh":false,"showFog":true,"showSkybox":true,"showFlares":true,"showImageEffects":true,"showParticleSystems":true,"showVisualEffectGraphs":true,"m_FxEnabled":true},"in2DMode":false,"pivot":{"x":10.064778327941895,"y":2.0335495471954347,"z":-0.9630614519119263},"rotation":{"x":0.10586309432983399,"y":0.720610499382019,"z":-0.11289367079734802,"w":0.6757690906524658},"size":2.631054162979126,"orthographic":false}