{"cameraMode":{"drawMode":0,"name":"Shaded","section":"Shading Mode"},"sceneLighting":true,"audioPlay":false,"sceneViewState":{"m_AlwaysRefresh":false,"showFog":true,"showSkybox":true,"showFlares":true,"showImageEffects":true,"showParticleSystems":true,"showVisualEffectGraphs":true,"m_FxEnabled":true},"in2DMode":false,"pivot":{"x":39.11478042602539,"y":12.022477149963379,"z":28.978199005126954},"rotation":{"x":0.000626914668828249,"y":0.9814258813858032,"z":-0.19169892370700837,"w":0.0032358679454773666},"size":1.9910502433776856,"orthographic":false}