{"cameraMode":{"drawMode":0,"name":"Shaded","section":"Shading Mode"},"sceneLighting":true,"audioPlay":false,"sceneViewState":{"m_AlwaysRefresh":false,"showFog":true,"showSkybox":true,"showFlares":true,"showImageEffects":true,"showParticleSystems":true,"showVisualEffectGraphs":true,"m_FxEnabled":true},"in2DMode":false,"pivot":{"x":31.765348434448243,"y":6.376212120056152,"z":-9.128817558288575},"rotation":{"x":-0.08888114988803864,"y":0.42418819665908816,"z":-0.041806429624557498,"w":-0.9000391364097595},"size":1.991014838218689,"orthographic":false}