{"cameraMode":{"drawMode":0,"name":"Shaded","section":"Shading Mode"},"sceneLighting":true,"audioPlay":false,"sceneViewState":{"m_AlwaysRefresh":false,"showFog":true,"showSkybox":true,"showFlares":true,"showImageEffects":true,"showParticleSystems":true,"showVisualEffectGraphs":true,"m_FxEnabled":true},"in2DMode":false,"pivot":{"x":61.807212829589847,"y":11.637188911437989,"z":10.845218658447266},"rotation":{"x":-0.00040466361679136753,"y":0.9954214692115784,"z":-0.0952506959438324,"w":-0.004184560384601355},"size":1.9910502433776856,"orthographic":false}