{"cameraMode":{"drawMode":0,"name":"Shaded","section":"Shading Mode"},"sceneLighting":true,"audioPlay":false,"sceneViewState":{"m_AlwaysRefresh":false,"showFog":true,"showSkybox":true,"showFlares":true,"showImageEffects":true,"showParticleSystems":true,"showVisualEffectGraphs":true,"m_FxEnabled":true},"in2DMode":false,"pivot":{"x":194.87078857421876,"y":10.877652168273926,"z":13.098733901977539},"rotation":{"x":0.05219299718737602,"y":0.9453083276748657,"z":-0.18965235352516175,"w":0.2600935697555542},"size":1.9910143613815308,"orthographic":false}