{"cameraMode":{"drawMode":0,"name":"Shaded","section":"Shading Mode"},"sceneLighting":false,"audioPlay":false,"sceneViewState":{"m_AlwaysRefresh":false,"showFog":true,"showSkybox":false,"showFlares":true,"showImageEffects":true,"showParticleSystems":true,"showVisualEffectGraphs":true,"m_FxEnabled":true},"in2DMode":false,"pivot":{"x":-2.834287166595459,"y":3.2218618392944338,"z":-0.6783419251441956},"rotation":{"x":0.04780502989888191,"y":0.6974387764930725,"z":-0.04672648385167122,"w":0.7135213613510132},"size":0.8660253882408142,"orthographic":false}