{"cameraMode":{"drawMode":0,"name":"Shaded","section":"Shading Mode"},"sceneLighting":false,"audioPlay":false,"sceneViewState":{"m_AlwaysRefresh":false,"showFog":true,"showSkybox":false,"showFlares":true,"showImageEffects":true,"showParticleSystems":true,"showVisualEffectGraphs":true,"m_FxEnabled":true},"in2DMode":false,"pivot":{"x":-2.544055700302124,"y":3.9619946479797365,"z":9.92669677734375},"rotation":{"x":0.004657707177102566,"y":0.9560125470161438,"z":-0.015199737623333931,"w":0.2928992509841919},"size":0.8660253882408142,"orthographic":false}