{"cameraMode":{"drawMode":0,"name":"Shaded","section":"Shading Mode"},"sceneLighting":false,"audioPlay":false,"sceneViewState":{"m_AlwaysRefresh":false,"showFog":true,"showSkybox":false,"showFlares":true,"showImageEffects":true,"showParticleSystems":true,"showVisualEffectGraphs":true,"m_FxEnabled":true},"in2DMode":false,"pivot":{"x":32.69501495361328,"y":-3.3271310329437258,"z":2.004979133605957},"rotation":{"x":0.06064671277999878,"y":0.6885790824890137,"z":-0.057977188378572467,"w":0.7202854156494141},"size":19.182640075683595,"orthographic":false}