{"cameraMode":{"drawMode":0,"name":"Shaded","section":"Shading Mode"},"sceneLighting":false,"audioPlay":false,"sceneViewState":{"m_AlwaysRefresh":false,"showFog":true,"showSkybox":false,"showFlares":true,"showImageEffects":true,"showParticleSystems":true,"showVisualEffectGraphs":true,"m_FxEnabled":true},"in2DMode":false,"pivot":{"x":0.6327834129333496,"y":-0.3716728687286377,"z":1.1775116920471192},"rotation":{"x":-0.12894709408283235,"y":-0.26916566491127016,"z":0.03639545291662216,"w":-0.9536620378494263},"size":0.8660253882408142,"orthographic":false}