{"cameraMode":{"drawMode":0,"name":"Shaded","section":"Shading Mode"},"sceneLighting":false,"audioPlay":false,"sceneViewState":{"m_AlwaysRefresh":false,"showFog":true,"showSkybox":false,"showFlares":true,"showImageEffects":true,"showParticleSystems":true,"showVisualEffectGraphs":true,"m_FxEnabled":true},"in2DMode":false,"pivot":{"x":39.509544372558597,"y":3.728970766067505,"z":-13.050135612487793},"rotation":{"x":0.00013281010615173727,"y":-0.9998015761375427,"z":0.008397218771278859,"w":0.015612452290952206},"size":12.996231079101563,"orthographic":false}