{"cameraMode":{"drawMode":0,"name":"Shaded","section":"Shading Mode"},"sceneLighting":false,"audioPlay":false,"sceneViewState":{"m_AlwaysRefresh":false,"showFog":true,"showSkybox":false,"showFlares":true,"showImageEffects":true,"showParticleSystems":true,"showVisualEffectGraphs":true,"m_FxEnabled":true},"in2DMode":false,"pivot":{"x":-0.17728114128112794,"y":-0.033127933740615848,"z":-0.00766909122467041},"rotation":{"x":0.08663444966077805,"y":0.8675026893615723,"z":-0.1627013236284256,"w":0.46193090081214907},"size":0.6955116391181946,"orthographic":false}